create database bd_reg_entrada_202210;
use bd_reg_entrada_202210;
-- phpMyAdmin SQL Dump
-- version 5.1.1
-- https://www.phpmyadmin.net/
--
-- Servidor: localhost
-- Tiempo de generación: 09-09-2022 a las 16:11:29
-- Versión del servidor: 10.4.20-MariaDB
-- Versión de PHP: 7.3.29

SET SQL_MODE = "NO_AUTO_VALUE_ON_ZERO";
START TRANSACTION;
SET time_zone = "+00:00";


/*!40101 SET @OLD_CHARACTER_SET_CLIENT=@@CHARACTER_SET_CLIENT */;
/*!40101 SET @OLD_CHARACTER_SET_RESULTS=@@CHARACTER_SET_RESULTS */;
/*!40101 SET @OLD_COLLATION_CONNECTION=@@COLLATION_CONNECTION */;
/*!40101 SET NAMES utf8mb4 */;

--
-- Base de datos: `bd_reg_entrada_202210`
--

-- --------------------------------------------------------

--
-- Estructura de tabla para la tabla `table11`
--


select * from tb_personas;

CREATE TABLE `table11` (
  `COL 1` varchar(38) DEFAULT NULL,
  `COL 2` varchar(3) DEFAULT NULL,
  `COL 3` varchar(13) DEFAULT NULL,
  `COL 4` varchar(65) DEFAULT NULL
) ENGINE=InnoDB DEFAULT CHARSET=utf8;


CREATE TABLE tb_admi (
    id INT AUTO_INCREMENT PRIMARY KEY,
    nombre VARCHAR(50) NOT NULL UNIQUE,
    password VARCHAR(255) NOT NULL
);

-- Agregar un usuario administrador (recuerda usar un hash para la contraseña en producción)
INSERT INTO tb_admi (nombre, password) VALUES ('admin', 'Admi123');


--
-- Volcado de datos para la tabla `table11`
--

INSERT INTO `table11` (`COL 1`, `COL 2`, `COL 3`, `COL 4`) VALUES
('ACOSTA RODRIGUEZ GUSTAVO ADOLFO', 'CC', '79923171', 'INSTRUCTOR G11'),
('AGUILAR URIBE JARVINSON', 'CC', '1120572883', 'INSTRUCTOR G15'),
('ALMEIDA BRICE?O PEDRO', 'CC', '80821808', 'INSTRUCTOR G08'),
('BRAGA SILVA EDGAR AGUSTO', 'CC', '17328298', 'PROFESIONAL G02'),
('BUCHELY MORENO EDWIN ENRIQUE', 'CC', '86053564', 'PROFESIONAL G01'),
('CASTA?EDA JIMENEZ LUDY YAMILE', 'CC', '40440434', 'INSTRUCTOR G10 '),
('CASTELLANOS GUTIERREZ YESID SAUL', 'CC', '97612279', 'INSTRUCTOR G09'),
('CASTILLO JUAN CARLOS ', 'CC', '16793789', 'TECNICO G03'),
('CERON HERNANDEZ MIREYA', 'CC', '28687288', 'TECNICO G02'),
('CORDERO LADINO JOSE ONEIVER', 'CC', '1121853712', 'INSTRUCTOR G10 '),
('CUBIDES QUITIAN HELBERT', 'CC', '79802425', 'T?CNICO GRADO G02'),
('ECHEVERRY GIRALDO ARLES', 'CC', '97612890', 'T?CNICO GRADO G01'),
('ECHEVERRY QUICENO LUZ PIEDAD', 'CC', '24580418', 'SUBDIRECTOR'),
('ESCOBAR AMADO JUDY ANDREA', 'CC', '52696182', 'PROFESIONAL  G02'),
('FIGUEROA RIVERA EDGAR CAMILO', 'CC', '86069194', 'INSTRUCTOR G06'),
('GALVIS OSORIO CARLOS ARTURO', 'CC', '13927273', 'PROFESIONAL G01'),
('GONZALEZ BOLA?OS MARTHA LUCIA', 'CC', '30004971', 'INSTRUCTOR G20'),
('GONZ?LEZ ZAPATA ANDRES MAURICIO ', 'CC', '98663616', 'INSTRUCTOR G10 '),
('GUZM?N GARZON YURI ALEXANDRA ', 'CC', '35263904', 'T?CNICO G01'),
('LONGAS CASTRO DOLLY MARYORIE', 'CC', '39548316', 'INSTRUCTOR G07'),
('MONTERO CHAVERRA NELSON ALEJANDRO', 'CC', '1121817305', 'INSTRUCTOR G09'),
('MORENO SANDOVAL MARIA DEL PILAR', 'CC', '53108509', 'PROFESIONAL G02'),
('NEIRA CASTRO SANDRA LUCIA ', 'CC', '41241925', 'PROFESIONAL G02'),
('NEMOJON CUTA JESUS', 'CC', '9525784', 'INSTRUCTOR G20'),
('PAN KARENTH DANITZA', 'CC', '1118550062', 'T?CNICO G02'),
('PE?UELA CASTRO JORGE ARGEMIRO', 'CC', '79718042', 'INSTRUCTOR G09'),
('PUENTE ACUNA VICTOR ALFONSO', 'CC', '17324943', 'INSTRUCTOR G20'),
('RIVERA MEJIA ANGELA PATRICIA ', 'CC', '42888447', 'INSTRUCTOR G20'),
('RODRIGUEZ ALMANZA JENNY', 'CC', '1121881107', 'T?CNICO G01'),
('SANCHEZ SANTOS JUAN CARLOS', 'CC', '19428854', 'INSTRUCTOR G09'),
('SORZA OMAR ANTONIO', 'CC', '17316331', 'AUXILIAR G01'),
('TARAZONA MURILLO EZEQUIEL', 'CC', '5651331', 'INSTRUCTOR G20'),
('TORRES JOSE ARNULFO', 'CC', '17308838', 'INSTRUCTOR G20'),
('VELASCO CARVAJAL NANCY GIANNINI', 'CC', '60262932', 'INSTRUCTOR G20'),
('LUZ ALEIDA RICO TRIANA', 'CC', '52236560', 'PROFESIONAL G02'),
('JOHN CARLOS PALTA ANGULO', 'CC', '79981230', 'INSTRUCTOR G12'),
('EDNA MARGARITA CORREA ARCOS', 'CC', '40774391', 'INSTRUCTOR G09'),
('FANOR ANDRES ORTIZ ORJUELA', 'CC', '86068242', 'INSTRUCTOR G11'),
('VICTOR MANUEL TELLEZ AGUIRRE', 'CC', '1120570828', 'INSTRUCTOR G11'),
('ELIANA PILAR GRANADOS MOJICA', 'CC', '63524714', 'INSTRUCTOR G12'),
('EDGAR MAURICIO CAMPOS RIBEROS', 'CC', '1100960044', 'INSTRUCTOR G11'),
('JORGE YONNATHAN VILLAMIZAR CLAVIJO', 'CC', '86084929', 'INSTRUCTOR G10'),
('ALEXIS RODXNEY PADILLA MANSILLA', 'CC', '86070508', 'INSTRUCTOR G08'),
('LEONARDO FABIO OROZCO CASTLLO', 'CC', '86073739', 'T?CNICO G02'),
('CRHISTIAN CAMILO ACEVEDO BAQUERO', 'CC', '1032407223', 'INSTRUCTOR G11'),
('MAIRA ALEJANDR ASALDA?A SAENZ', 'CC', '1007585170', 'Etapa Productiva '),
('LAURA VANESA HERNANDEZ MONDRAGON ', 'CC', '1006783277', 'Etapa Productiva '),
('VIVIANAE JULIETTE TACAHCK CASTELLANOS', 'CC', '1013608969', 'Etapa Productiva '),
('ANDERSON ESTIVEN DIAZ FIERRO', 'CC', '1122236655', 'Etapa Productiva '),
('JEINY ALEJANDRA MARTINEZ VACCA', 'CC', '1006811702', 'Etapa Productiva '),
('MARYURI YURANY DAZA GARZON ', 'CC', '1120583102', 'Etapa Productiva '),
('YEINCY KATHERINE JARAMILLO RESTRESPO', 'CC', '1120956771', 'Etapa Productiva '),
('FREDY CAMILO RODRIGUEZ LEGUIZAMON', 'CC', '1120583067', 'Etapa Productiva '),
('YEINER ANDRES SANABRIA TAVERA ', 'CC', '1122135507', 'Etapa Productiva '),
('YENI DAVIANA CALLEJAS AGUILERA ', 'CC', '1007294314', 'Etapa Productiva '),
('SANDRA MILENA VALENCIA OIDOR', 'CC', '52.335.267', 'Abogada Defensa Judicial'),
('BIBIANA SANCHEZ RAMIREZ', 'CC', '1.120.560.630', 'Abogada Contrataci?n ByS'),
('ARGENIA CANTOR ?LVAREZ', 'CC', '40.448.141', 'Apoyo Subdirecci?n'),
('CLAUDIA GAVIRIA PAB?N', 'CC', '41.243.739', 'Contadora'),
('EDWIN YESID TORRES OROZCO', 'CC', '97.612.414', 'Almac?n Edwin Torres'),
('VIVIANA ROCIO BRAVO RONCANCIO', 'CC', '1.120.566.646', 'Profesional SST'),
('CARLOS ALBERTO S?NCHEZ CARVAJAL', 'CC', '86.045.125', 'Asesor Planeaci?n'),
('Diana Paola Fl?rez Villamil', 'CC', '52.849.483', 'Profesional Talento Humano'),
('LEIDY MARCELA ECHEVERRY GIRALDO', 'CC', '1.120.575.475', 'Recepci?n'),
('Jessica Yineth Monroy Bernal', 'CC', '1.007.244.130', 'Apoyo T?cnico APE'),
('DUVAN CENEN OCAMPO HENAO', 'CC', '1.104.700.438', 'L?der SER'),
('LUZ JANETH CONEJO CUAN', 'CC', '1.007.244.196', 'Tesorera'),
('YURI ANG?LICA SOLER CASTRO', 'CC', '1.120.574.193', 'L?der SIGA'),
('Hailer Mauricio Vega Vaca', 'CC', '80.793.398', 'Gestor Desplazados'),
('CARLOS EVELIO VALENCIA ARENAS', 'CC', '18.236.087', 'Almac?n Carlos'),
('CARLOS ALBERTO HERN?NDEZ CORT?S', 'CC', '1.014.232.291', 'Arquitecto'),
('ELIANA PARRA ACHO', 'CC', '1.121.894.691', 'L?der Comunicaciones'),
('BRAYANN ALEXANDER ?LVAREZ P?REZ', 'CC', '1.010.188.792', 'Gestor PYME'),
('NELLY MORENO GAMBOA', 'CC', '35.898.600', 'Apoyo Emprendimiento'),
('HELBERT GIOVANNI RODR?GUEZ L?PEZ', 'CC', '79.648.048', 'L?der Emprendimiento'),
('LADY MAYERLI ?LVAREZ FLORIDO', 'CC', '52.238.693', 'Gestor Desplazados'),
('EDWIN ARLEY RENTERIA MENA', 'CC', '1.003.931.952', 'Apoyo Ambiental'),
(' LUISA FERNANDA ALVARADO ROLDAN', 'CC', '1.136.887.235', 'Orientador APE'),
('SERGIO IV?N BOTERO G?MEZ', 'CC', '97.613.495', 'Apoyo Contrataci?n'),
('YELTSIN JAMES GONZ?LEZ CARABAL?', 'CC', '1.120.574.405', 'Administrador Finca'),
('LUIS ERNESTO SANDOVAL PADILLA', 'CC', '11.306.388', 'Fiscalizador PQRS CRM'),
('JOSE VIDARTE SOTO GALLEGO', 'CC', '1.120.574.748', 'Conductor Camionetas, Campero Motocicletas'),
('JULIE ALEXANDRA VANEGAS ORTIZ', 'CC', '41.243.192', 'Apoyo Coordinaci?n Julieth'),
('SILENIA AMADO QUIROGA', 'CC', '1.120.576.288', 'Apoyo Coordinaci?n Silenia'),
('JOSE ELIECER ROMERO PERALTA', 'CC', '1.120.569.282', 'Apoyo Coordinaci?n Jos?'),
('MARIA PAULA PARDO HERNANDEZ', 'CC', '1.121.913.328', 'Apoyo Comunicaciones'),
('YEIDY EDITH GONZALEZ QUINTERO', 'CC', '1.007.293.612', 'Apoyo Procesos Evaluaci?n y Certificaci?n\n Competencias Laborales'),
('OSCAR JAVIER MARROQUIN RESTREPO', 'CC', '97.614.065', 'Apoyo APE'),
('LADY ALEXANDRA BELTRAN RAYO', 'CC', '1.023.860.515', 'Apoyo APE'),
('CESIONARIA YENLY YADIRA RIVEROS CANO', 'CC', '40.332.704', 'Gestor Senior'),
('LINA MARCELA MARLES AVILA', 'CC', '1.032.411.869', 'Gestor Senior'),
('LINA MARIA AVENDA?O SANCHEZ', 'CC', '52.176.175', 'Gestor Junior'),
('DAMIAN ESTEBAN RODRIGUEZ HERRERA', 'CC', '1.053.779.664', 'Lider Articulaci?n Media T?cnica'),
('VIVIANA MARCELA CORREDOR DIAZ', 'CC', '1.121.708.664', 'Gestor Junior'),
('NAIDA CAROLINA CESPEDES CASTRO', 'CC', '40.216.784', 'Instructor ART. M'),
('DOLLY YORLEY ARIAS CORREDOR', 'CC', '33.366.422', 'Instructor Regular'),
('JAIRO HERNAN CORREDOR SABOGAL', 'CC', '9.731.743', 'Instructor Regular'),
('EDGAR BLANDON TORRES', 'CC', '79.553.734', 'Instructor Regular'),
('JARVINSON GIRALDO CASTA?O', 'CC', '97.612.560', 'Instructor ART. M'),
('ANDR?S MAURICIO OLIVARES GARRIDO', 'CC', '1.113.623.374', 'Instructor ART. M'),
('LEONARDO ALEJANDRO PEREZ LUQUE', 'CC', '80.047.038', 'Instructor FIC'),
('DANIEL ANDRES TARAZONA PINZON', 'CC', '1.095.797.873', 'Instructor ART. M'),
('EDWIN ANTONIO AGUILAR GARCIA', 'CC', '97.611.520', 'Instructor ART. M'),
('DIANA CAROLINA VELASQUEZ SALCEDO', 'CC', '1.120.575.748', 'Instructor Regular'),
('DEIVID ALEXANDER BOHORQUEZ JIMENEZ', 'CC', '1.120.559.075', 'Instructor Regular'),
('DANIEL FERNEY LUGO CAMACHO', 'CC', '14.135.036', 'Instructor Regular'),
('XIOMARA MORENO PERDOMO', 'CC', '1.018.415.870', 'Instructor Regular'),
('FABIO GONZALO FERNANDEZ MARTINEZ', 'CC', '1.030.551.673', 'Instructor ART. M'),
('JOSE FABIAN CABALLERO ORTEGA', 'CC', '1.122.237.742', 'Instructor FIC'),
('ANDRES MAURICIO SANDOVAL LOZANO', 'CC', '1.070.613.964', 'Instructor ART. M'),
('JUAN CARLOS CONTRERAS', 'CC', '1.094.245.654', 'Instructor Regular'),
('MARIA DEL CARMEN CUYARES RODRIGUEZ', 'CC', '40.410.098', 'Instructor ART. M'),
('NELSON VARGAS MEJIA', 'CC', '86.056.882', 'Instructor ART. M'),
('LIBARDO HERNANDEZ GUZMAN', 'CC', '1.121.875.247', 'Instructor ART. M'),
('HERNANDO ROZO BECERRA', 'CC', '86.058.926', 'Instructor Regular'),
('DANIELA BUITRAGO MARTINEZ', 'CC', '1.053.796.483', 'Instructor ART. M'),
('LUIS FERNANDO PERDOMO GONZALEZ', 'CC', '86.082.364', 'Instructor ART. M'),
('YOINER ALBERTO JAIMES SANCHEZ', 'CC', '1.062.397.866', 'Instructor Regular'),
('MARIO HUMBERTO SANCHEZ ARENAS', 'CC', '15.924.640', 'Instructor ART. M'),
('EDGARDO LEON CEBALLOS POVEDA', 'CC', '86.058.972', 'Instructor Regular'),
('ROBINSON HERNANDEZ RIVERA', 'CC', '18221731', 'Instructor FIC'),
('CESAR CRESPO', 'CC', '97613738', 'Instructor ART. M'),
('PAOLA TOLOZA MENDEZ', 'CC', '41242079', 'Instructor Regular'),
('LINA MARCELA PATI?O MORALES', 'CC', '1120572177', 'Servicios Bibliotecarios'),
('CESAR AUGUSTO GONZALEZ FERNANDEZ', 'CC', '80008120', 'Instructor ART. M'),
('YANETH CAVANZO PARRA', 'CC', '37627358', 'Apoyo Biblioteca'),
('ADRIAN QUERUBIN VELASQUEZ', 'CC', '18224471', 'Instructor Regular'),
('EDWAR ESTEBAN CRUZ HERNANDEZ', 'CC', '1120582706', 'Instructor ART. M'),
('ARNOLDO LOPEZ BAYONA', 'CC', '1120560528', 'Instructor ART. M'),
('MARIELA SARASTY PETREL', 'CC', '26535758', 'Instructor Regular'),
('JOSE DARIO VELOSA CIFUENTES', 'CC', '97613956', 'Instructor Poblaci?n Vulnerable'),
('WILSON MENESES LLANO', 'CC', '18224267', 'Instructor Poblaci?n Vulnerable'),
('JORGE ELIECER ROJAS MACABARES', 'CC', '86055009', 'Instructor ART. M'),
('DERWIN JHON LIZ URREGO', 'CC', '80141542', 'Instructor Poblaci?n Vulnerable'),
('PEDRO MOLINA ORTIZ', 'CC', '88289961', 'Instructor Regular'),
('LUIS FELIPE FLORIANO GORDILLO', 'CC', '97612908', 'Instructor Poblaci?n Vulnerable'),
('LINA MARCELA VASQUEZ PEREZ', 'CC', '43843347', 'Instructor Poblaci?n Vulnerable'),
('YAMID AVENDA?O COY', 'CC', '1116244485', 'Apoyo Administrativo Bienestar'),
('MARIA ALEJANDRA ALVAREZ GAITAN', 'CC', '1121897318', 'Apoyo sostenimiento Aprendices'),
('GILMA JOHANA RODRIGUEZ', 'CC', '1120571102', 'Instructor Poblaci?n Vulnerable'),
('BLANCA NIDIA RUIZ BERMUDEZ', 'CC', '41214730', 'L?der Bienestar'),
('YECENIA CASTILLO CHAVEZ', 'CC', '52448360', 'Auxiliar Enfermer?a'),
('INDIRA AGUILAR GARCIA', 'CC', '1120559386', 'Orientador Arte y Cultura'),
('JUAN MANUEL TARAZONA PINZON', 'CC', '1022370491', 'Orientador Deportes'),
('JOSE DAVID VILLAREAL GUZMAN', 'CC', '14395250', 'Interprete se se?as'),
('YENFA YUNITZA MOSQUERA AMAYA', 'CC', '1120575542', 'Trabajadora Social'),
('SANDRA MILENA RODRIGUEZ JAIMES', 'CC', '1121856281', 'Gestor Junior Rural SER'),
('UBIL ALFONSO TORRES RUIZ', 'CC', '1120564071', 'Apoyo Sennova'),
('DANIEL EUGENIO SALAMANCA MAHECHA', 'CC', '1120580573', 'Apoyo Sennova'),
('JASBLEIDY MARCELA ACOSTA CHINCHILLA', 'CC', '1120571185', 'Apoyo Sennova'),
('JHOJANNA PATRICIA VELEZ BUITRAGO', 'CC', '1120581521', 'Apoyo Sennova'),
('CESAR MAURICIO OLAYA FORERO', 'CC', '14297139', 'Instructor Regular'),
('SILVINIA ADRIANA VASQUEZ PRADA', 'CC', '65738164', 'Instructor Regular'),
('DEISY YADIRA GONZALEZ QUINTERO', 'CC', '1006702454', 'Apoyo Gesti?n Bienestar al Aprendiz'),
('FREDY FERNANDO GIRALDO OSPINA', 'CC', '18223620', 'Conductor Buseta'),
('YENY ALEJANDRA VELASQUEZ SALCEDO', 'CC', '1121888771', 'Instructor Emprendimiento SER'),
('JAMITH ALEXANDER OCHICA HERRERA', 'CC', '1120563095', 'Instructor T?cnico SER'),
('CLARA INES LOPEZ VILLEGAS', 'CC', '42074720', 'Instructor Virtual'),
('FRANKLIN DE JESUS SANCHEZ ROJAS', 'CC', '10140925', 'Instructor SER'),
('GABRIEL MARTINEZ CRUZ', 'CC', '1121821344', 'Instructor T?cnico SER'),
('HECTOR FERNANDO CUESTA HERNANDEZ', 'CC', '1018402832', 'Instructor SER'),
('LUIS ORLANDO CASTRO ACOSTA', 'CC', '97612833', 'Instructor T?cnico SER'),
('EDWIN LOPEZ GUTIERREZ', 'CC', '79691953', 'Instructor SER'),
('LADY JOHANNA SOTO GALLEGO', 'CC', '40305975', 'Instructor SER'),
('CLAUDIO GUIO CELY', 'CC', '74333138', 'Instructor SER'),
('LAURA YAMILE GAONA OICATA', 'CC', '23684345', 'L?der Sennova'),
('JOSE GREGORIO LIZ LASSO', 'CC', '97612121', 'Orientador Cultural'),
('NATALY MOLINA BOCANEGRA', 'CC', '1110446569', 'Instructor T?cnico SER'),
('MILCIADES JUNIOR BEJARANO', 'CC', '1097388758', 'Instructor Regular'),
('MARELLYS JULID JIMENEZ MARTINEZ', 'CC', '36724013', 'Instructor Regular'),
('MAIRA ANDREA VELANDIA PEREZ', 'CC', '1032476497', 'Instructor Regular'),
('FABIAN BENITO ROCHA', 'CC', '1120563581', 'Instructor Regular'),
('CAMILO JOSE CASTRO GARZON', 'CC', '14698949', 'Instructor Regular'),
('JORGE HERNAN OSPINA DUQUE', 'CC', '75082065', 'Instructor Regular'),
('JONATAN ALFONSO JUNIOR FANDI?O LARROTA', 'CC', '1032396957', 'Instructor Regular'),
('WILMAR CLEMENTE GOMEZ HOLGUIN', 'CC', '97614010', 'Instructor Regular'),
('ANGELA ISADORA ACOSTA MORENO', 'CC', '41241471', 'Instructor Regular'),
('LUZ ANGELA HERRERA', 'CC', '1120566459', 'Instructor Regular'),
('BIBIANA JICCED RODRIGUEZ MORA', 'CC', '1032392894', 'Instructor Regular'),
('CARLOS ANDRES SALAZAR AQUINO', 'CC', '10304829', 'Instructor Regular'),
('CAROLINA BUITRAGO BEJARANO', 'CC', '1115066543', 'Instructor Regular'),
('ANDRES ARIZA MONTENEGRO', 'CC', '79694065', 'Instructor Regular'),
('MANUEL RODRIGO TOVAR BERMEO', 'CC', '79304856', 'Instructor Regular'),
('CAMILO ANDRES LOSADA BERNAL', 'CC', '1121920832', 'Instructor Regular'),
('GIOVANNI JAVIER CORTES', 'CC', '79524401', 'Instructor Regular'),
('JOSE FERNANDO REYES', 'CC', '93370557', 'Instructor Regular'),
('CARLOS RAMOS CARRILLO', 'CC', '91015571', 'Instructor Regular'),
('EDISSON ALEJANDRO SANCHEZ', 'CC', '1120559879', 'Instructor Regular'),
('VALENTINA RIVERA SALGADO', 'CC', '1053807970', 'Instructor Regular'),
('JHON JAIRO JULIO NARVAEZ', 'CC', '1143329546', 'Instructor Regular'),
('DIEGO RICARDO GRANADOS MOJICA', 'CC', '79955454', 'Instructor Regular'),
('MARISOL CASTELLANOS', 'CC', '41937153', 'Instructor Regular'),
('LINA ISABEL RIVERA', 'CC', '43634798', 'Instructor Regular'),
('JORGE ALBERTO PEDRAZA CARDENAS', 'CC', '7224225', 'Instructor Regular'),
('SANDRA MILENA CAMPOS ALBA', 'CC', '52811080', 'Instructor Regular'),
('EULISES REYES DIAZ', 'CC', '79101293', 'Gestor Junior'),
('JOHAN AWDREY OSPINA SORIANO', 'CC', '1018412059', 'Gestor Junior'),
('ANGIE MARCELA NIETO VASQUEZ', 'CC', '1006702290', 'Aprendiz '),
('BRAYAN ANDRES  BERMUDEZ ALFONSO', 'CC', '1006700917', 'Aprendiz '),
('BRITSNEY NATALIA SOTO CHIVATA', 'TI', '1010016072', 'Aprendiz '),
('EDITZA SALOME HIDALGO ACOSTA', 'CC', '1006700801', 'Aprendiz '),
('GINNETH XIOMARA MONTA?O ORT?Z', 'CC', '1120583406', 'Aprendiz '),
('JEFERSON VARGAS P?REZ ', 'CC', '1006700783', 'Aprendiz '),
('JEIDY TATIANA BARAHONA REYES', 'TI', '1006723650', 'Aprendiz '),
('JESICA FERNANDA PASTRANA RODRIGUEZ', 'TI', '1001220472', 'Aprendiz '),
('JUAN CARLOS VARON ALFONSO ', 'CC', '1006700940', 'Aprendiz '),
('JUAN DAVID  PARRADO MORERA', 'TI', '1006700787', 'Aprendiz '),
('SENEN ALEXANDER MORERA ORTEGA', 'CC', '1007294373', 'Aprendiz '),
('SERGIO ANDR?S SILVA ORT?Z', 'CC', '1120570915', 'Aprendiz '),
('MALLERLY SACANTIVA LEON', 'CC', '1006695512', 'Aprendiz '),
('YURANI SACANTIVA LEON', 'CC', '1006696172', 'Aprendiz '),
('ARELISREY CALDERON', 'CC', '1006701451', 'Aprendiz '),
('ROSA MARIAGOMEZ REYES', 'CC', '1006723693', 'Aprendiz '),
('DUVAN ANDRESISAIRIAS LOZANO', 'CC', '1007294539', 'Aprendiz '),
('DANIA JARDENNALEON GUTIERREZ', 'TI ', '1007294760', 'Aprendiz '),
('MILADYLOPEZ RODRIGUEZ', 'CC', '1007584894', 'Aprendiz '),
('LEIDY JOHANACORZO SANCHEZ', 'CC', '1007741741', 'Aprendiz '),
('YULIANA ANDREABUITRAGO CAMACHO', 'CC', '1010069970', 'Aprendiz '),
('KAREN YESLENYSOTO FLOREZ', 'CC', '1012318371', 'Aprendiz '),
('LAURA VANESSAVELASQUEZ LOZANO', 'CC', '1118528543', 'Aprendiz '),
('MICHEL FABIANASUTA SARASTY', 'TI', '1120558164', 'Aprendiz '),
('YURY ALEJANDRANIETO AVILEZ', 'CC', '1120565364', 'Aprendiz '),
('YESICA TATIANAVALENCIA LOPEZ', 'CC', '1120566499', 'Aprendiz '),
('NELY VIVIANASALGADO ROMERO', 'CC', '1120569604', 'Aprendiz '),
('ESMERALDAMEJIA MELO', 'CC', '1120571499', 'Aprendiz '),
('LEIDY VIVIANAROJAS TAQUINAS', 'CC', '1120576829', 'Aprendiz '),
('YILMER YUSETHSUAZA ROZO', 'CC', '1120581604', 'Aprendiz '),
('LAURA MARIAFRANCO GIRALDO', 'CC', '1120583548', 'Aprendiz '),
('LUZ ADIELACASTILLO BUILES', 'CC', '1125473669', 'Aprendiz '),
('ALFARYGUTIERREZ ESCUDERO', 'CC', '40327252', 'Aprendiz '),
('BRAYAM ALEJANDROURQUIJO AMAYA', 'CC', '1006874242', 'Aprendiz '),
('BRAYAN CAMILOGONZALEZ BORJA', 'CC', '1120583996', 'Aprendiz '),
('YINETH ADRIANAURREGO GARCIA', 'T.I', '10077294604', 'Aprendiz '),
('JONY ARLEYLIMA FORERO', 'CC', '1120576376', 'Aprendiz '),
('REN? FRANCISCOG?MEZ BAUTISTA', 'CC', '1125468163', 'Aprendiz '),
('YIBY ENITHFAJARDO S?NCHEZ', 'CC', '1006722113', 'Aprendiz '),
('ANGIE DANIELAMELO ROZO', 'CC', '1006700542', 'Aprendiz '),
('CAMILAMORALES ROJAS', 'CC', '1007294792', 'Aprendiz '),
('ENOHILSENRODR?GUEZ BUSTAMANTE', 'CC', '1120570055', 'Aprendiz '),
('NESFERILISETHGUERREO BERNAL', 'T.I', '1006783204', 'Aprendiz '),
('MARIA EDILMAMIRANDA PARRA', 'CC', '1007293659', 'Aprendiz '),
('LAURA MERCEDESMIRANDA PARRA', 'CC', '1007293602', 'Aprendiz '),
('FAVIAN ESTIVENAMADOR BERNAL', 'CC', '1120582357', 'Aprendiz '),
('LEYDI CAROLINASANCHEZ FONSECA', 'CC', '1000002159', 'Aprendiz '),
('ANA CUSTODIAVANEGAS ALVAREZ', 'CC', '1007294498', 'Aprendiz '),
('ADRIANA MIREYADIAZ MOTES', 'CC', '1007294814', 'Aprendiz '),
('NARLY MILARYNEIRA MARTINEZ', 'CC', '1120583759', 'Aprendiz '),
('WILLY STIVENAREIZA URRUTIA', 'CC', '1006701379', 'Aprendiz '),
('EDGAR EDUARDOLOZANO VARGAS', 'CC', '1006814864', 'Aprendiz '),
('EDWARD ALEJANDROESPITIA CARMONA', 'CC', '1010061518', 'Aprendiz '),
('DIDIER ANDREYTOLOZA CHACON', 'CC', '1121931020', 'Aprendiz '),
('WILDER ANDRESMOSQUERA MOSQUERA', 'CC', '1007061237', 'Aprendiz '),
('JAVIER HERNANDOMARIN URREGO', 'CC', '1120565330', 'Aprendiz '),
('ALVARO CAMILOCARRE?O GUTIERREZ', 'CC', '1006695649', 'Aprendiz '),
('VERONICALOZADA LOPEZ', 'CC', '1120925862', 'Aprendiz '),
('VALENTINAACEVEDO DIAZ', 'CC', '1120954401', 'Aprendiz '),
('DERLY YULIANAMOLANO MONTEVERDE', 'CC', '1006721545', 'Aprendiz '),
('RONAL KALETHQUINTERO GOMEZ', 'CC', '1010043032', 'Aprendiz '),
('YENIFERARIAS BELTRAN', 'CC', '1070969751', 'Aprendiz '),
('JUAN DAVIDHERRE?O MORENO', 'CC', '1121913192', 'Aprendiz '),
('YIMMER ALFONSONARI?O GAITAN', 'CC', '1120570565', 'Aprendiz '),
('DUVERNEYREYES GONZALEZ', 'CC', '1120583319', 'Aprendiz '),
('LUZ MAYERLYBEJARANO MOSQUERA', 'TI', '1123160816', 'Aprendiz '),
('LEIDY XIOMARACABALLERO GUIZA', 'TI', '1000625103', 'Aprendiz '),
('DERLY JOHANACABRERA PERILLA', 'CC', '1006782982', 'Aprendiz '),
('FERNANDOCORDERO QUIROZ', 'CC ', '1123162339', 'Aprendiz '),
('JEISONDELGADO GARCIA', 'CC', '1006695688', 'Aprendiz '),
('VALENTINADELGADILLO GUZMAN', 'TI ', '1001091508', 'Aprendiz '),
('DENNIS AKIRAHERNANDEZ ALFONSO', 'TI', '1006700820', 'Aprendiz '),
('INGRI ADIDMARHERNANDEZ NIEVES', 'CC', '1120584095', 'Aprendiz '),
('JENNY MARCELALERMA VILLAMIZAR', 'CC', '1007293684', 'Aprendiz '),
('JICELTH DANIELAMOSQUERA NEIRA', 'TI', '1006558890', 'Aprendiz '),
('ZULAYOLACHICA AGUILAR', 'CC', '1120573224', 'Aprendiz '),
('ROSA DEL CARMENPEREZ HERNANDEZ', 'CC', '32744789', 'Aprendiz '),
('ERIKARODRIGUEZ ALVAREZ', 'CC', '1117970339', 'Aprendiz '),
('JESSICAROJAS GUERRA', 'CC ', '1006835552', 'Aprendiz '),
('LUZ AIDAARROYO RIASCOS', ' CC', '1006197505', 'Aprendiz '),
('ERIKA DAYANACONTRERAS GONZALEZ', ' CC', '1007244035', 'Aprendiz '),
('YULDER ADRIANMENDEZ RINCON', ' CC', '1006700730', 'Aprendiz '),
('MARYURI YISETHROBLEDO GONZALEZ', ' CC', '1193037447', 'Aprendiz '),
('ANA MARCELAGOMEZ RINCON', ' CC', '1122651574', 'Aprendiz '),
('LEIDY YOANAAGUDELO JURADO', ' CC', '1121149203', 'Aprendiz '),
('LEIDY MARCELACALDERON PULIDO', ' CC', '1006840606', 'Aprendiz '),
('JAVIER FELIPERIOS GIRALDO', ' CC', '1001145352', 'Aprendiz '),
('MICHELLE NATALIAMU?OZ LARROTTA', ' CC', '1005087316', 'Aprendiz '),
('LEIDY JOHANALOPEZ DIAZ', ' CC', '1004628848', 'Aprendiz '),
('YINI CAROLINAJARAMILLO VALENCIA', ' CC', '1134434185', 'Aprendiz '),
('NIDIA ALEJANDRASALGADO VARGAS', ' CC', '1006701006', 'Aprendiz '),
('ANYELI TATIANACHALAR GUABU', ' CC', '1005976499', 'Aprendiz '),
('ADRIANA YICETH PARRA MORALES', 'TI', '1120558468', 'Aprendiz '),
('ERIKA NAYIVE INFANTE ACEVEDO', 'TI', '1007293927', 'Aprendiz '),
('JHON EDICSON DIAZ MARTINEZ', 'TI', '1122236124', 'Aprendiz '),
('KATHERINE SANCHEZ HOLGUIN', 'CC', '1006701916', 'Aprendiz '),
('LUISA FERNANDA ALGARRA MEDINA ', 'CC', '1006729631', 'Aprendiz '),
('LUZ MARINA PATI?O BARON', 'CC', '40039769', 'Aprendiz '),
('ROSA ADRIANA CUICHE SIMON', 'CC', '42548197', 'Aprendiz '),
('ROSA YAZMIN LOPEZ RODRIGUEZ', 'TI', '1006840756', 'Aprendiz '),
('TATIANA VANESSA GARCIA CARRILLO', 'CC', '1006700533', 'Aprendiz '),
('WILMER ANDRES GALLO OVALLE', 'CC', '1123088300', 'Aprendiz '),
('YIBERT ANDRES VARGAS VACCA', 'CC', '1006783430', 'Aprendiz '),
('YINNA MARCELA RIVERA SALAZAR', 'CC', '1120574601', 'Aprendiz '),
('YULI ANDREA BARBOSA MORENO', 'CC', '1120581877', 'Aprendiz '),
('JESSICACAROLINA AVILA ALFONSO', 'CC', '1120581092', 'Aprendiz '),
('MERY BALVINA G?MEZ MURILLO', 'CC', '1120583635', 'Aprendiz '),
('RODRIGO DE JESUSTARIFA RINCON', 'CC', '1120584359', 'Aprendiz '),
('SHARICK NATALIA PINZ?N VARGAS', 'CC', '1000807179', 'Aprendiz '),
('CRISTIAN SMITHQUITIAN MORENO', 'CC', '1122127001', 'Aprendiz '),
('GONZALO QUIROGA MORALES', 'CC', '1120575081', 'Aprendiz '),
('LUDWIG V?QUIRO TRIANA', 'CC', '1072642133', 'Aprendiz '),
('JUAN DAVID  MEDINA RAM?REZ', 'CC', '1006773295', 'Aprendiz '),
('LUIS FERNANDO MORENO C?RDOBA', 'CC', '1123860422', 'Aprendiz '),
('ISAAC  VEGA CUEVA', 'CC', '1000578623', 'Aprendiz '),
('HYOVANI PE?UELA LEYTER', 'CC', '1125878663', 'Aprendiz '),
('MILTON SNEYDER  LEAL MORENO', 'CC', '1121420313', 'Aprendiz '),
('WILFER ANTONIO PI?EROS RAMOS', 'CC', '1123440246', 'Aprendiz '),
('YANY DIABLEYAGUILAR CAMPERO', 'CC', '1120564242', 'Aprendiz '),
('ANDRES STIVENALZATE REYES', 'CC', '1121937486', 'Aprendiz '),
('YERALDINATEHORTUA VARGAS', 'CC', '1006858649', 'Aprendiz '),
('DIANA CONSTANZABEDOYA YOSSA', 'CC', '41242867', 'Aprendiz '),
('D?ARSY VIVIANABOHORQUEZ BETANCOURT', 'TI', '1006873973', 'Aprendiz '),
('SANDRA CAROLINACAJIGAS CAICEDO', 'CC', '1086136383', 'Aprendiz '),
('JEIMY LISETHCAMACHO GARZON', 'TI', '1006701223', 'Aprendiz '),
('NAYIVECARDENAS UMA?A', 'CC', '40439433', 'Aprendiz '),
('MILADY ANDREAESPINOSA SANTOS', 'CC', '1026283307', 'Aprendiz '),
('MARIA EUGENIAGAITAN ', 'CC', '40449259', 'Aprendiz '),
('JUAN ISIDROGAITAN CASTA?EDA', 'CC', '1120562265', 'Aprendiz '),
('YENY PAOLAGUERRERO NI?O', 'CC', '1120568924', 'Aprendiz '),
('MARIA TERESAGUTIERREZ BELISARIO', 'CC', '1122653613', 'Aprendiz '),
('MAIRA JHULIANAMENA QUINTERO', 'CC', '1087554232', 'Aprendiz '),
('CARMEN CECILIAMU?OZ LOPEZ', 'CC', '1125470142', 'Aprendiz '),
('NINI YURELYNARVAEZ GOMEZ', 'CC', '52927729', 'Aprendiz '),
('CARLOS ARTURORINCON PASCUA', 'CC', '1120565655', 'Aprendiz '),
('MARIA YULIRIVEROS PALACIOS', 'CC', '52905437', 'Aprendiz '),
('SANDRA YAZMINSABOGAL SAEZ', 'CC', '35262880', 'Aprendiz '),
('ROBIN URIELSILGADO GUZMAN', 'CC', '1133809185', 'Aprendiz '),
('LUIS FERNANDOTOBO SALGADO', 'CC', '1006700559', 'Aprendiz '),
('DELBY AGRIPINAURREA AGUILERA', 'CC', '20750326', 'Aprendiz ');

-- --------------------------------------------------------

--
-- Estructura de tabla para la tabla `table12`
--

CREATE TABLE `table12` (
  `COL 1` varchar(38) DEFAULT NULL,
  `COL 2` varchar(3) DEFAULT NULL,
  `COL 3` varchar(13) DEFAULT NULL,
  `COL 4` varchar(65) DEFAULT NULL,
  `cod_rol` int(11) DEFAULT NULL,
  `cod_tipo_doc` int(11) DEFAULT NULL
) ENGINE=InnoDB DEFAULT CHARSET=utf8;

--
-- Volcado de datos para la tabla `table12`
--

INSERT INTO `table12` (`COL 1`, `COL 2`, `COL 3`, `COL 4`, `cod_rol`, `cod_tipo_doc`) VALUES
('OSTA RODRIGUEZ GUSTAVO ADOLFO', 'CC', '79923171', 'INSTRUCTOR G11', 46, 1),
('AGUILAR URIBE JARVINSON', 'CC', '1120572883', 'INSTRUCTOR G15', 48, 1),
('ALMEIDA BRICEÑO PEDRO', 'CC', '80821808', 'INSTRUCTOR G08', 43, 1),
('BRAGA SILVA EDGAR AGUSTO', 'CC', '17328298', 'PROFESIONAL G02', 69, 1),
('BUCHELY MORENO EDWIN ENRIQUE', 'CC', '86053564', 'PROFESIONAL G01', 68, 1),
('CASTAÑEDA JIMENEZ LUDY YAMILE', 'CC', '40440434', 'INSTRUCTOR G10 ', 45, 1),
('CASTELLANOS GUTIERREZ YESID SAUL', 'CC', '97612279', 'INSTRUCTOR G09', 44, 1),
('CASTILLO JUAN CARLOS ', 'CC', '16793789', 'TECNICO G03', 77, 1),
('CERON HERNANDEZ MIREYA', 'CC', '28687288', 'TECNICO G02', 76, 1),
('CORDERO LADINO JOSE ONEIVER', 'CC', '1121853712', 'INSTRUCTOR G10 ', 45, 1),
('CUBIDES QUITIAN HELBERT', 'CC', '79802425', 'TÉCNICO GRADO G02', 79, 1),
('ECHEVERRY GIRALDO ARLES', 'CC', '97612890', 'TÉCNICO GRADO G01', 78, 1),
('ECHEVERRY QUICENO LUZ PIEDAD', 'CC', '24580418', 'SUBDIRECTOR', 74, 1),
('ESCOBAR AMADO JUDY ANDREA', 'CC', '52696182', 'PROFESIONAL  G02', 67, 1),
('FIGUEROA RIVERA EDGAR CAMILO', 'CC', '86069194', 'INSTRUCTOR G06', 41, 1),
('GALVIS OSORIO CARLOS ARTURO', 'CC', '13927273', 'PROFESIONAL G01', 68, 1),
('GONZALEZ BOLAÑOS MARTHA LUCIA', 'CC', '30004971', 'INSTRUCTOR G20', 49, 1),
('GONZÁLEZ ZAPATA ANDRES MAURICIO ', 'CC', '98663616', 'INSTRUCTOR G10 ', 45, 1),
('GUZMÁN GARZON YURI ALEXANDRA ', 'CC', '35263904', 'TÉCNICO G01', 75, 1),
('LONGAS CASTRO DOLLY MARYORIE', 'CC', '39548316', 'INSTRUCTOR G07', 42, 1),
('MONTERO CHAVERRA NELSON ALEJANDRO', 'CC', '1121817305', 'INSTRUCTOR G09', 44, 1),
('MORENO SANDOVAL MARIA DEL PILAR', 'CC', '53108509', 'PROFESIONAL G02', 69, 1),
('NEIRA CASTRO SANDRA LUCIA ', 'CC', '41241925', 'PROFESIONAL G02', 69, 1),
('NEMOJON CUTA JESUS', 'CC', '9525784', 'INSTRUCTOR G20', 49, 1),
('PAN KARENTH DANITZA', 'CC', '1118550062', 'TÉCNICO G02', 76, 1),
('PEÑUELA CASTRO JORGE ARGEMIRO', 'CC', '79718042', 'INSTRUCTOR G09', 44, 1),
('PUENTE ACUNA VICTOR ALFONSO', 'CC', '17324943', 'INSTRUCTOR G20', 49, 1),
('RIVERA MEJIA ANGELA PATRICIA ', 'CC', '42888447', 'INSTRUCTOR G20', 49, 1),
('RODRIGUEZ ALMANZA JENNY', 'CC', '1121881107', 'TÉCNICO G01', 75, 1),
('SANCHEZ SANTOS JUAN CARLOS', 'CC', '19428854', 'INSTRUCTOR G09', 44, 1),
('SORZA OMAR ANTONIO', 'CC', '17316331', 'AUXILIAR G01', 27, 1),
('TARAZONA MURILLO EZEQUIEL', 'CC', '5651331', 'INSTRUCTOR G20', 49, 1),
('TORRES JOSE ARNULFO', 'CC', '17308838', 'INSTRUCTOR G20', 49, 1),
('VELASCO CARVAJAL NANCY GIANNINI', 'CC', '60262932', 'INSTRUCTOR G20', 49, 1),
('LUZ ALEIDA RICO TRIANA', 'CC', '52236560', 'PROFESIONAL G02', 69, 1),
('JOHN CARLOS PALTA ANGULO', 'CC', '79981230', 'INSTRUCTOR G12', 47, 1),
('EDNA MARGARITA CORREA ARCOS', 'CC', '40774391', 'INSTRUCTOR G09', 44, 1),
('FANOR ANDRES ORTIZ ORJUELA', 'CC', '86068242', 'INSTRUCTOR G11', 46, 1),
('VICTOR MANUEL TELLEZ AGUIRRE', 'CC', '1120570828', 'INSTRUCTOR G11', 46, 1),
('ELIANA PILAR GRANADOS MOJICA', 'CC', '63524714', 'INSTRUCTOR G12', 47, 1),
('EDGAR MAURICIO CAMPOS RIBEROS', 'CC', '1100960044', 'INSTRUCTOR G11', 46, 1),
('JORGE YONNATHAN VILLAMIZAR CLAVIJO', 'CC', '86084929', 'INSTRUCTOR G10', 45, 1),
('ALEXIS RODXNEY PADILLA MANSILLA', 'CC', '86070508', 'INSTRUCTOR G08', 43, 1),
('LEONARDO FABIO OROZCO CASTLLO', 'CC', '86073739', 'TÉCNICO G02', 76, 1),
('CRHISTIAN CAMILO ACEVEDO BAQUERO', 'CC', '1032407223', 'INSTRUCTOR G11', 46, 1),
('MAIRA ALEJANDR ASALDAÑA SAENZ', 'CC', '1007585170', 'Etapa Productiva ', 31, 1),
('LAURA VANESA HERNANDEZ MONDRAGON ', 'CC', '1006783277', 'Etapa Productiva ', 31, 1),
('VIVIANAE JULIETTE TACAHCK CASTELLANOS', 'CC', '1013608969', 'Etapa Productiva ', 31, 1),
('ANDERSON ESTIVEN DIAZ FIERRO', 'CC', '1122236655', 'Etapa Productiva ', 31, 1),
('JEINY ALEJANDRA MARTINEZ VACCA', 'CC', '1006811702', 'Etapa Productiva ', 31, 1),
('MARYURI YURANY DAZA GARZON ', 'CC', '1120583102', 'Etapa Productiva ', 31, 1),
('YEINCY KATHERINE JARAMILLO RESTRESPO', 'CC', '1120956771', 'Etapa Productiva ', 31, 1),
('FREDY CAMILO RODRIGUEZ LEGUIZAMON', 'CC', '1120583067', 'Etapa Productiva ', 31, 1),
('YEINER ANDRES SANABRIA TAVERA ', 'CC', '1122135507', 'Etapa Productiva ', 31, 1),
('YENI DAVIANA CALLEJAS AGUILERA ', 'CC', '1007294314', 'Etapa Productiva ', 31, 1),
('SANDRA MILENA VALENCIA OIDOR', 'CC', '52.335.267', 'Abogada Defensa Judicial', 3, 1),
('BIBIANA SANCHEZ RAMIREZ', 'CC', '1.120.560.630', 'Abogada Contratación ByS', 2, 1),
('ARGENIA CANTOR ÁLVAREZ', 'CC', '40.448.141', 'Apoyo Subdirección', 21, 1),
('CLAUDIA GAVIRIA PABÓN', 'CC', '41.243.739', 'Contadora', 30, 1),
('EDWIN YESID TORRES OROZCO', 'CC', '97.612.414', 'Almacén Edwin Torres', 6, 1),
('VIVIANA ROCIO BRAVO RONCANCIO', 'CC', '1.120.566.646', 'Profesional SST', 70, 1),
('CARLOS ALBERTO SÁNCHEZ CARVAJAL', 'CC', '86.045.125', 'Asesor Planeación', 25, 1),
('Diana Paola Flórez Villamil', 'CC', '52.849.483', 'Profesional Talento Humano', 71, 1),
('LEIDY MARCELA ECHEVERRY GIRALDO', 'CC', '1.120.575.475', 'Recepción', 72, 1),
('Jessica Yineth Monroy Bernal', 'CC', '1.007.244.130', 'Apoyo Técnico APE', 22, 1),
('DUVAN CENEN OCAMPO HENAO', 'CC', '1.104.700.438', 'Líder SER', 61, 1),
('LUZ JANETH CONEJO CUAN', 'CC', '1.007.244.196', 'Tesorera', 80, 1),
('YURI ANGÉLICA SOLER CASTRO', 'CC', '1.120.574.193', 'Líder SIGA', 62, 1),
('Hailer Mauricio Vega Vaca', 'CC', '80.793.398', 'Gestor Desplazados', 33, 1),
('CARLOS EVELIO VALENCIA ARENAS', 'CC', '18.236.087', 'Almacén Carlos', 5, 1),
('CARLOS ALBERTO HERNÁNDEZ CORTÉS', 'CC', '1.014.232.291', 'Arquitecto', 24, 1),
('ELIANA PARRA ACHO', 'CC', '1.121.894.691', 'Líder Comunicaciones', 58, 1),
('BRAYANN ALEXANDER ÁLVAREZ PÉREZ', 'CC', '1.010.188.792', 'Gestor PYME', 36, 1),
('NELLY MORENO GAMBOA', 'CC', '35.898.600', 'Apoyo Emprendimiento', 16, 1),
('HELBERT GIOVANNI RODRÍGUEZ LÓPEZ', 'CC', '79.648.048', 'Líder Emprendimiento', 59, 1),
('LADY MAYERLI ÁLVAREZ FLORIDO', 'CC', '52.238.693', 'Gestor Desplazados', 33, 1),
('EDWIN ARLEY RENTERIA MENA', 'CC', '1.003.931.952', 'Apoyo Ambiental', 8, 1),
(' LUISA FERNANDA ALVARADO ROLDAN', 'CC', '1.136.887.235', 'Orientador APE', 63, 1),
('SERGIO IVÁN BOTERO GÓMEZ', 'CC', '97.613.495', 'Apoyo Contratación', 12, 1),
('YELTSIN JAMES GONZÁLEZ CARABALÍ', 'CC', '1.120.574.405', 'Administrador Finca', 4, 1),
('LUIS ERNESTO SANDOVAL PADILLA', 'CC', '11.306.388', 'Fiscalizador PQRS CRM', 32, 1),
('JOSE VIDARTE SOTO GALLEGO', 'CC', '1.120.574.748', 'Conductor Camionetas, Campero Motocicletas', 29, 1),
('JULIE ALEXANDRA VANEGAS ORTIZ', 'CC', '41.243.192', 'Apoyo Coordinación Julieth', 14, 1),
('SILENIA AMADO QUIROGA', 'CC', '1.120.576.288', 'Apoyo Coordinación Silenia', 15, 1),
('JOSE ELIECER ROMERO PERALTA', 'CC', '1.120.569.282', 'Apoyo Coordinación José', 13, 1),
('MARIA PAULA PARDO HERNANDEZ', 'CC', '1.121.913.328', 'Apoyo Comunicaciones', 11, 1),
('YEIDY EDITH GONZALEZ QUINTERO', 'CC', '1.007.293.612', 'Apoyo Procesos Evaluación y Certificación\n Competencias Laborales', 18, 1),
('OSCAR JAVIER MARROQUIN RESTREPO', 'CC', '97.614.065', 'Apoyo APE', 9, 1),
('LADY ALEXANDRA BELTRAN RAYO', 'CC', '1.023.860.515', 'Apoyo APE', 9, 1),
('CESIONARIA YENLY YADIRA RIVEROS CANO', 'CC', '40.332.704', 'Gestor Senior', 37, 1),
('LINA MARCELA MARLES AVILA', 'CC', '1.032.411.869', 'Gestor Senior', 37, 1),
('LINA MARIA AVENDAÑO SANCHEZ', 'CC', '52.176.175', 'Gestor Junior', 34, 1),
('DAMIAN ESTEBAN RODRIGUEZ HERRERA', 'CC', '1.053.779.664', 'Lider Articulación Media Técnica', 56, 1),
('VIVIANA MARCELA CORREDOR DIAZ', 'CC', '1.121.708.664', 'Gestor Junior', 34, 1),
('NAIDA CAROLINA CESPEDES CASTRO', 'CC', '40.216.784', 'Instructor ART. M', 38, 1),
('DOLLY YORLEY ARIAS CORREDOR', 'CC', '33.366.422', 'Instructor Regular', 51, 1),
('JAIRO HERNAN CORREDOR SABOGAL', 'CC', '9.731.743', 'Instructor Regular', 51, 1),
('EDGAR BLANDON TORRES', 'CC', '79.553.734', 'Instructor Regular', 51, 1),
('JARVINSON GIRALDO CASTAÑO', 'CC', '97.612.560', 'Instructor ART. M', 38, 1),
('ANDRÉS MAURICIO OLIVARES GARRIDO', 'CC', '1.113.623.374', 'Instructor ART. M', 38, 1),
('LEONARDO ALEJANDRO PEREZ LUQUE', 'CC', '80.047.038', 'Instructor FIC', 40, 1),
('DANIEL ANDRES TARAZONA PINZON', 'CC', '1.095.797.873', 'Instructor ART. M', 38, 1),
('EDWIN ANTONIO AGUILAR GARCIA', 'CC', '97.611.520', 'Instructor ART. M', 38, 1),
('DIANA CAROLINA VELASQUEZ SALCEDO', 'CC', '1.120.575.748', 'Instructor Regular', 51, 1),
('DEIVID ALEXANDER BOHORQUEZ JIMENEZ', 'CC', '1.120.559.075', 'Instructor Regular', 51, 1),
('DANIEL FERNEY LUGO CAMACHO', 'CC', '14.135.036', 'Instructor Regular', 51, 1),
('XIOMARA MORENO PERDOMO', 'CC', '1.018.415.870', 'Instructor Regular', 51, 1),
('FABIO GONZALO FERNANDEZ MARTINEZ', 'CC', '1.030.551.673', 'Instructor ART. M', 38, 1),
('JOSE FABIAN CABALLERO ORTEGA', 'CC', '1.122.237.742', 'Instructor FIC', 40, 1),
('ANDRES MAURICIO SANDOVAL LOZANO', 'CC', '1.070.613.964', 'Instructor ART. M', 38, 1),
('JUAN CARLOS CONTRERAS', 'CC', '1.094.245.654', 'Instructor Regular', 51, 1),
('MARIA DEL CARMEN CUYARES RODRIGUEZ', 'CC', '40.410.098', 'Instructor ART. M', 38, 1),
('NELSON VARGAS MEJIA', 'CC', '86.056.882', 'Instructor ART. M', 38, 1),
('LIBARDO HERNANDEZ GUZMAN', 'CC', '1.121.875.247', 'Instructor ART. M', 38, 1),
('HERNANDO ROZO BECERRA', 'CC', '86.058.926', 'Instructor Regular', 51, 1),
('DANIELA BUITRAGO MARTINEZ', 'CC', '1.053.796.483', 'Instructor ART. M', 38, 1),
('LUIS FERNANDO PERDOMO GONZALEZ', 'CC', '86.082.364', 'Instructor ART. M', 38, 1),
('YOINER ALBERTO JAIMES SANCHEZ', 'CC', '1.062.397.866', 'Instructor Regular', 51, 1),
('MARIO HUMBERTO SANCHEZ ARENAS', 'CC', '15.924.640', 'Instructor ART. M', 38, 1),
('EDGARDO LEON CEBALLOS POVEDA', 'CC', '86.058.972', 'Instructor Regular', 51, 1),
('ROBINSON HERNANDEZ RIVERA', 'CC', '18221731', 'Instructor FIC', 40, 1),
('CESAR CRESPO', 'CC', '97613738', 'Instructor ART. M', 38, 1),
('PAOLA TOLOZA MENDEZ', 'CC', '41242079', 'Instructor Regular', 51, 1),
('LINA MARCELA PATIÑO MORALES', 'CC', '1120572177', 'Servicios Bibliotecarios', 73, 1),
('CESAR AUGUSTO GONZALEZ FERNANDEZ', 'CC', '80008120', 'Instructor ART. M', 38, 1),
('YANETH CAVANZO PARRA', 'CC', '37627358', 'Apoyo Biblioteca', 10, 1),
('ADRIAN QUERUBIN VELASQUEZ', 'CC', '18224471', 'Instructor Regular', 51, 1),
('EDWAR ESTEBAN CRUZ HERNANDEZ', 'CC', '1120582706', 'Instructor ART. M', 38, 1),
('ARNOLDO LOPEZ BAYONA', 'CC', '1120560528', 'Instructor ART. M', 38, 1),
('MARIELA SARASTY PETREL', 'CC', '26535758', 'Instructor Regular', 51, 1),
('JOSE DARIO VELOSA CIFUENTES', 'CC', '97613956', 'Instructor Población Vulnerable', 50, 1),
('WILSON MENESES LLANO', 'CC', '18224267', 'Instructor Población Vulnerable', 50, 1),
('JORGE ELIECER ROJAS MACABARES', 'CC', '86055009', 'Instructor ART. M', 38, 1),
('DERWIN JHON LIZ URREGO', 'CC', '80141542', 'Instructor Población Vulnerable', 50, 1),
('PEDRO MOLINA ORTIZ', 'CC', '88289961', 'Instructor Regular', 51, 1),
('LUIS FELIPE FLORIANO GORDILLO', 'CC', '97612908', 'Instructor Población Vulnerable', 50, 1),
('LINA MARCELA VASQUEZ PEREZ', 'CC', '43843347', 'Instructor Población Vulnerable', 50, 1),
('YAMID AVENDAÑO COY', 'CC', '1116244485', 'Apoyo Administrativo Bienestar', 7, 1),
('MARIA ALEJANDRA ALVAREZ GAITAN', 'CC', '1121897318', 'Apoyo sostenimiento Aprendices', 20, 1),
('GILMA JOHANA RODRIGUEZ', 'CC', '1120571102', 'Instructor Población Vulnerable', 50, 1),
('BLANCA NIDIA RUIZ BERMUDEZ', 'CC', '41214730', 'Líder Bienestar', 57, 1),
('YECENIA CASTILLO CHAVEZ', 'CC', '52448360', 'Auxiliar Enfermería', 26, 1),
('INDIRA AGUILAR GARCIA', 'CC', '1120559386', 'Orientador Arte y Cultura', 64, 1),
('JUAN MANUEL TARAZONA PINZON', 'CC', '1022370491', 'Orientador Deportes', 66, 1),
('JOSE DAVID VILLAREAL GUZMAN', 'CC', '14395250', 'Interprete se señas', 55, 1),
('YENFA YUNITZA MOSQUERA AMAYA', 'CC', '1120575542', 'Trabajadora Social', 81, 1),
('SANDRA MILENA RODRIGUEZ JAIMES', 'CC', '1121856281', 'Gestor Junior Rural SER', 35, 1),
('UBIL ALFONSO TORRES RUIZ', 'CC', '1120564071', 'Apoyo Sennova', 19, 1),
('DANIEL EUGENIO SALAMANCA MAHECHA', 'CC', '1120580573', 'Apoyo Sennova', 19, 1),
('JASBLEIDY MARCELA ACOSTA CHINCHILLA', 'CC', '1120571185', 'Apoyo Sennova', 19, 1),
('JHOJANNA PATRICIA VELEZ BUITRAGO', 'CC', '1120581521', 'Apoyo Sennova', 19, 1),
('CESAR MAURICIO OLAYA FORERO', 'CC', '14297139', 'Instructor Regular', 51, 1),
('SILVINIA ADRIANA VASQUEZ PRADA', 'CC', '65738164', 'Instructor Regular', 51, 1),
('DEISY YADIRA GONZALEZ QUINTERO', 'CC', '1006702454', 'Apoyo Gestión Bienestar al Aprendiz', 17, 1),
('FREDY FERNANDO GIRALDO OSPINA', 'CC', '18223620', 'Conductor Buseta', 28, 1),
('YENY ALEJANDRA VELASQUEZ SALCEDO', 'CC', '1121888771', 'Instructor Emprendimiento SER', 39, 1),
('JAMITH ALEXANDER OCHICA HERRERA', 'CC', '1120563095', 'Instructor Técnico SER', 53, 1),
('CLARA INES LOPEZ VILLEGAS', 'CC', '42074720', 'Instructor Virtual', 54, 1),
('FRANKLIN DE JESUS SANCHEZ ROJAS', 'CC', '10140925', 'Instructor SER', 52, 1),
('GABRIEL MARTINEZ CRUZ', 'CC', '1121821344', 'Instructor Técnico SER', 53, 1),
('HECTOR FERNANDO CUESTA HERNANDEZ', 'CC', '1018402832', 'Instructor SER', 52, 1),
('LUIS ORLANDO CASTRO ACOSTA', 'CC', '97612833', 'Instructor Técnico SER', 53, 1),
('EDWIN LOPEZ GUTIERREZ', 'CC', '79691953', 'Instructor SER', 52, 1),
('LADY JOHANNA SOTO GALLEGO', 'CC', '40305975', 'Instructor SER', 52, 1),
('CLAUDIO GUIO CELY', 'CC', '74333138', 'Instructor SER', 52, 1),
('LAURA YAMILE GAONA OICATA', 'CC', '23684345', 'Líder Sennova', 60, 1),
('JOSE GREGORIO LIZ LASSO', 'CC', '97612121', 'Orientador Cultural', 65, 1),
('NATALY MOLINA BOCANEGRA', 'CC', '1110446569', 'Instructor Técnico SER', 53, 1),
('MILCIADES JUNIOR BEJARANO', 'CC', '1097388758', 'Instructor Regular', 51, 1),
('MARELLYS JULID JIMENEZ MARTINEZ', 'CC', '36724013', 'Instructor Regular', 51, 1),
('MAIRA ANDREA VELANDIA PEREZ', 'CC', '1032476497', 'Instructor Regular', 51, 1),
('FABIAN BENITO ROCHA', 'CC', '1120563581', 'Instructor Regular', 51, 1),
('CAMILO JOSE CASTRO GARZON', 'CC', '14698949', 'Instructor Regular', 51, 1),
('JORGE HERNAN OSPINA DUQUE', 'CC', '75082065', 'Instructor Regular', 51, 1),
('JONATAN ALFONSO JUNIOR FANDIÑO LARROTA', 'CC', '1032396957', 'Instructor Regular', 51, 1),
('WILMAR CLEMENTE GOMEZ HOLGUIN', 'CC', '97614010', 'Instructor Regular', 51, 1),
('ANGELA ISADORA ACOSTA MORENO', 'CC', '41241471', 'Instructor Regular', 51, 1),
('LUZ ANGELA HERRERA', 'CC', '1120566459', 'Instructor Regular', 51, 1),
('BIBIANA JICCED RODRIGUEZ MORA', 'CC', '1032392894', 'Instructor Regular', 51, 1),
('CARLOS ANDRES SALAZAR AQUINO', 'CC', '10304829', 'Instructor Regular', 51, 1),
('CAROLINA BUITRAGO BEJARANO', 'CC', '1115066543', 'Instructor Regular', 51, 1),
('ANDRES ARIZA MONTENEGRO', 'CC', '79694065', 'Instructor Regular', 51, 1),
('MANUEL RODRIGO TOVAR BERMEO', 'CC', '79304856', 'Instructor Regular', 51, 1),
('CAMILO ANDRES LOSADA BERNAL', 'CC', '1121920832', 'Instructor Regular', 51, 1),
('GIOVANNI JAVIER CORTES', 'CC', '79524401', 'Instructor Regular', 51, 1),
('JOSE FERNANDO REYES', 'CC', '93370557', 'Instructor Regular', 51, 1),
('CARLOS RAMOS CARRILLO', 'CC', '91015571', 'Instructor Regular', 51, 1),
('EDISSON ALEJANDRO SANCHEZ', 'CC', '1120559879', 'Instructor Regular', 51, 1),
('VALENTINA RIVERA SALGADO', 'CC', '1053807970', 'Instructor Regular', 51, 1),
('JHON JAIRO JULIO NARVAEZ', 'CC', '1143329546', 'Instructor Regular', 51, 1),
('DIEGO RICARDO GRANADOS MOJICA', 'CC', '79955454', 'Instructor Regular', 51, 1),
('MARISOL CASTELLANOS', 'CC', '41937153', 'Instructor Regular', 51, 1),
('LINA ISABEL RIVERA', 'CC', '43634798', 'Instructor Regular', 51, 1),
('JORGE ALBERTO PEDRAZA CARDENAS', 'CC', '7224225', 'Instructor Regular', 51, 1),
('SANDRA MILENA CAMPOS ALBA', 'CC', '52811080', 'Instructor Regular', 51, 1),
('EULISES REYES DIAZ', 'CC', '79101293', 'Gestor Junior', 34, 1),
('JOHAN AWDREY OSPINA SORIANO', 'CC', '1018412059', 'Gestor Junior', 34, 1),
('ANGIE MARCELA NIETO VASQUEZ', 'CC', '1006702290', 'Aprendiz ', 23, 1),
('BRAYAN ANDRES  BERMUDEZ ALFONSO', 'CC', '1006700917', 'Aprendiz ', 23, 1),
('BRITSNEY NATALIA SOTO CHIVATA', 'TI', '1010016072', 'Aprendiz ', 23, 2),
('EDITZA SALOME HIDALGO ACOSTA', 'CC', '1006700801', 'Aprendiz ', 23, 1),
('GINNETH XIOMARA MONTAÑO ORTÍZ', 'CC', '1120583406', 'Aprendiz ', 23, 1),
('JEFERSON VARGAS PÉREZ ', 'CC', '1006700783', 'Aprendiz ', 23, 1),
('JEIDY TATIANA BARAHONA REYES', 'TI', '1006723650', 'Aprendiz ', 23, 2),
('JESICA FERNANDA PASTRANA RODRIGUEZ', 'TI', '1001220472', 'Aprendiz ', 23, 2),
('JUAN CARLOS VARON ALFONSO ', 'CC', '1006700940', 'Aprendiz ', 23, 1),
('JUAN DAVID  PARRADO MORERA', 'TI', '1006700787', 'Aprendiz ', 23, 2),
('SENEN ALEXANDER MORERA ORTEGA', 'CC', '1007294373', 'Aprendiz ', 23, 1),
('SERGIO ANDRÉS SILVA ORTÍZ', 'CC', '1120570915', 'Aprendiz ', 23, 1),
('MALLERLY SACANTIVA LEON', 'CC', '1006695512', 'Aprendiz ', 23, 1),
('YURANI SACANTIVA LEON', 'CC', '1006696172', 'Aprendiz ', 23, 1),
('ARELISREY CALDERON', 'CC', '1006701451', 'Aprendiz ', 23, 1),
('ROSA MARIAGOMEZ REYES', 'CC', '1006723693', 'Aprendiz ', 23, 1),
('DUVAN ANDRESISAIRIAS LOZANO', 'CC', '1007294539', 'Aprendiz ', 23, 1),
('DANIA JARDENNALEON GUTIERREZ', 'TI ', '1007294760', 'Aprendiz ', 23, 2),
('MILADYLOPEZ RODRIGUEZ', 'CC', '1007584894', 'Aprendiz ', 23, 1),
('LEIDY JOHANACORZO SANCHEZ', 'CC', '1007741741', 'Aprendiz ', 23, 1),
('YULIANA ANDREABUITRAGO CAMACHO', 'CC', '1010069970', 'Aprendiz ', 23, 1),
('KAREN YESLENYSOTO FLOREZ', 'CC', '1012318371', 'Aprendiz ', 23, 1),
('LAURA VANESSAVELASQUEZ LOZANO', 'CC', '1118528543', 'Aprendiz ', 23, 1),
('MICHEL FABIANASUTA SARASTY', 'TI', '1120558164', 'Aprendiz ', 23, 2),
('YURY ALEJANDRANIETO AVILEZ', 'CC', '1120565364', 'Aprendiz ', 23, 1),
('YESICA TATIANAVALENCIA LOPEZ', 'CC', '1120566499', 'Aprendiz ', 23, 1),
('NELY VIVIANASALGADO ROMERO', 'CC', '1120569604', 'Aprendiz ', 23, 1),
('ESMERALDAMEJIA MELO', 'CC', '1120571499', 'Aprendiz ', 23, 1),
('LEIDY VIVIANAROJAS TAQUINAS', 'CC', '1120576829', 'Aprendiz ', 23, 1),
('YILMER YUSETHSUAZA ROZO', 'CC', '1120581604', 'Aprendiz ', 23, 1),
('LAURA MARIAFRANCO GIRALDO', 'CC', '1120583548', 'Aprendiz ', 23, 1),
('LUZ ADIELACASTILLO BUILES', 'CC', '1125473669', 'Aprendiz ', 23, 1),
('ALFARYGUTIERREZ ESCUDERO', 'CC', '40327252', 'Aprendiz ', 23, 1),
('BRAYAM ALEJANDROURQUIJO AMAYA', 'CC', '1006874242', 'Aprendiz ', 23, 1),
('BRAYAN CAMILOGONZALEZ BORJA', 'CC', '1120583996', 'Aprendiz ', 23, 1),
('YINETH ADRIANAURREGO GARCIA', 'T.I', '10077294604', 'Aprendiz ', 23, 2),
('JONY ARLEYLIMA FORERO', 'CC', '1120576376', 'Aprendiz ', 23, 1),
('RENÈ FRANCISCOGÒMEZ BAUTISTA', 'CC', '1125468163', 'Aprendiz ', 23, 1),
('YIBY ENITHFAJARDO SÀNCHEZ', 'CC', '1006722113', 'Aprendiz ', 23, 1),
('ANGIE DANIELAMELO ROZO', 'CC', '1006700542', 'Aprendiz ', 23, 1),
('CAMILAMORALES ROJAS', 'CC', '1007294792', 'Aprendiz ', 23, 1),
('ENOHILSENRODRÌGUEZ BUSTAMANTE', 'CC', '1120570055', 'Aprendiz ', 23, 1),
('NESFERILISETHGUERREO BERNAL', 'T.I', '1006783204', 'Aprendiz ', 23, 2),
('MARIA EDILMAMIRANDA PARRA', 'CC', '1007293659', 'Aprendiz ', 23, 1),
('LAURA MERCEDESMIRANDA PARRA', 'CC', '1007293602', 'Aprendiz ', 23, 1),
('FAVIAN ESTIVENAMADOR BERNAL', 'CC', '1120582357', 'Aprendiz ', 23, 1),
('LEYDI CAROLINASANCHEZ FONSECA', 'CC', '1000002159', 'Aprendiz ', 23, 1),
('ANA CUSTODIAVANEGAS ALVAREZ', 'CC', '1007294498', 'Aprendiz ', 23, 1),
('ADRIANA MIREYADIAZ MOTES', 'CC', '1007294814', 'Aprendiz ', 23, 1),
('NARLY MILARYNEIRA MARTINEZ', 'CC', '1120583759', 'Aprendiz ', 23, 1),
('WILLY STIVENAREIZA URRUTIA', 'CC', '1006701379', 'Aprendiz ', 23, 1),
('EDGAR EDUARDOLOZANO VARGAS', 'CC', '1006814864', 'Aprendiz ', 23, 1),
('EDWARD ALEJANDROESPITIA CARMONA', 'CC', '1010061518', 'Aprendiz ', 23, 1),
('DIDIER ANDREYTOLOZA CHACON', 'CC', '1121931020', 'Aprendiz ', 23, 1),
('WILDER ANDRESMOSQUERA MOSQUERA', 'CC', '1007061237', 'Aprendiz ', 23, 1),
('JAVIER HERNANDOMARIN URREGO', 'CC', '1120565330', 'Aprendiz ', 23, 1),
('ALVARO CAMILOCARREÑO GUTIERREZ', 'CC', '1006695649', 'Aprendiz ', 23, 1),
('VERONICALOZADA LOPEZ', 'CC', '1120925862', 'Aprendiz ', 23, 1),
('VALENTINAACEVEDO DIAZ', 'CC', '1120954401', 'Aprendiz ', 23, 1),
('DERLY YULIANAMOLANO MONTEVERDE', 'CC', '1006721545', 'Aprendiz ', 23, 1),
('RONAL KALETHQUINTERO GOMEZ', 'CC', '1010043032', 'Aprendiz ', 23, 1),
('YENIFERARIAS BELTRAN', 'CC', '1070969751', 'Aprendiz ', 23, 1),
('JUAN DAVIDHERREÑO MORENO', 'CC', '1121913192', 'Aprendiz ', 23, 1),
('YIMMER ALFONSONARIÑO GAITAN', 'CC', '1120570565', 'Aprendiz ', 23, 1),
('DUVERNEYREYES GONZALEZ', 'CC', '1120583319', 'Aprendiz ', 23, 1),
('LUZ MAYERLYBEJARANO MOSQUERA', 'TI', '1123160816', 'Aprendiz ', 23, 2),
('LEIDY XIOMARACABALLERO GUIZA', 'TI', '1000625103', 'Aprendiz ', 23, 2),
('DERLY JOHANACABRERA PERILLA', 'CC', '1006782982', 'Aprendiz ', 23, 1),
('FERNANDOCORDERO QUIROZ', 'CC ', '1123162339', 'Aprendiz ', 23, 1),
('JEISONDELGADO GARCIA', 'CC', '1006695688', 'Aprendiz ', 23, 1),
('VALENTINADELGADILLO GUZMAN', 'TI ', '1001091508', 'Aprendiz ', 23, 2),
('DENNIS AKIRAHERNANDEZ ALFONSO', 'TI', '1006700820', 'Aprendiz ', 23, 2),
('INGRI ADIDMARHERNANDEZ NIEVES', 'CC', '1120584095', 'Aprendiz ', 23, 1),
('JENNY MARCELALERMA VILLAMIZAR', 'CC', '1007293684', 'Aprendiz ', 23, 1),
('JICELTH DANIELAMOSQUERA NEIRA', 'TI', '1006558890', 'Aprendiz ', 23, 2),
('ZULAYOLACHICA AGUILAR', 'CC', '1120573224', 'Aprendiz ', 23, 1),
('ROSA DEL CARMENPEREZ HERNANDEZ', 'CC', '32744789', 'Aprendiz ', 23, 1),
('ERIKARODRIGUEZ ALVAREZ', 'CC', '1117970339', 'Aprendiz ', 23, 1),
('JESSICAROJAS GUERRA', 'CC ', '1006835552', 'Aprendiz ', 23, 1),
('LUZ AIDAARROYO RIASCOS', ' CC', '1006197505', 'Aprendiz ', 23, 1),
('ERIKA DAYANACONTRERAS GONZALEZ', ' CC', '1007244035', 'Aprendiz ', 23, 1),
('YULDER ADRIANMENDEZ RINCON', ' CC', '1006700730', 'Aprendiz ', 23, 1),
('MARYURI YISETHROBLEDO GONZALEZ', ' CC', '1193037447', 'Aprendiz ', 23, 1),
('ANA MARCELAGOMEZ RINCON', ' CC', '1122651574', 'Aprendiz ', 23, 1),
('LEIDY YOANAAGUDELO JURADO', ' CC', '1121149203', 'Aprendiz ', 23, 1),
('LEIDY MARCELACALDERON PULIDO', ' CC', '1006840606', 'Aprendiz ', 23, 1),
('JAVIER FELIPERIOS GIRALDO', ' CC', '1001145352', 'Aprendiz ', 23, 1),
('MICHELLE NATALIAMUÑOZ LARROTTA', ' CC', '1005087316', 'Aprendiz ', 23, 1),
('LEIDY JOHANALOPEZ DIAZ', ' CC', '1004628848', 'Aprendiz ', 23, 1),
('YINI CAROLINAJARAMILLO VALENCIA', ' CC', '1134434185', 'Aprendiz ', 23, 1),
('NIDIA ALEJANDRASALGADO VARGAS', ' CC', '1006701006', 'Aprendiz ', 23, 1),
('ANYELI TATIANACHALAR GUABU', ' CC', '1005976499', 'Aprendiz ', 23, 1),
('ADRIANA YICETH PARRA MORALES', 'TI', '1120558468', 'Aprendiz ', 23, 2),
('ERIKA NAYIVE INFANTE ACEVEDO', 'TI', '1007293927', 'Aprendiz ', 23, 2),
('JHON EDICSON DIAZ MARTINEZ', 'TI', '1122236124', 'Aprendiz ', 23, 2),
('KATHERINE SANCHEZ HOLGUIN', 'CC', '1006701916', 'Aprendiz ', 23, 1),
('LUISA FERNANDA ALGARRA MEDINA ', 'CC', '1006729631', 'Aprendiz ', 23, 1),
('LUZ MARINA PATIÑO BARON', 'CC', '40039769', 'Aprendiz ', 23, 1),
('ROSA ADRIANA CUICHE SIMON', 'CC', '42548197', 'Aprendiz ', 23, 1),
('ROSA YAZMIN LOPEZ RODRIGUEZ', 'TI', '1006840756', 'Aprendiz ', 23, 2),
('TATIANA VANESSA GARCIA CARRILLO', 'CC', '1006700533', 'Aprendiz ', 23, 1),
('WILMER ANDRES GALLO OVALLE', 'CC', '1123088300', 'Aprendiz ', 23, 1),
('YIBERT ANDRES VARGAS VACCA', 'CC', '1006783430', 'Aprendiz ', 23, 1),
('YINNA MARCELA RIVERA SALAZAR', 'CC', '1120574601', 'Aprendiz ', 23, 1),
('YULI ANDREA BARBOSA MORENO', 'CC', '1120581877', 'Aprendiz ', 23, 1),
('JESSICACAROLINA AVILA ALFONSO', 'CC', '1120581092', 'Aprendiz ', 23, 1),
('MERY BALVINA GÓMEZ MURILLO', 'CC', '1120583635', 'Aprendiz ', 23, 1),
('RODRIGO DE JESUSTARIFA RINCON', 'CC', '1120584359', 'Aprendiz ', 23, 1),
('SHARICK NATALIA PINZÓN VARGAS', 'CC', '1000807179', 'Aprendiz ', 23, 1),
('CRISTIAN SMITHQUITIAN MORENO', 'CC', '1122127001', 'Aprendiz ', 23, 1),
('GONZALO QUIROGA MORALES', 'CC', '1120575081', 'Aprendiz ', 23, 1),
('LUDWIG VÁQUIRO TRIANA', 'CC', '1072642133', 'Aprendiz ', 23, 1),
('JUAN DAVID  MEDINA RAMÍREZ', 'CC', '1006773295', 'Aprendiz ', 23, 1),
('LUIS FERNANDO MORENO CÓRDOBA', 'CC', '1123860422', 'Aprendiz ', 23, 1),
('ISAAC  VEGA CUEVA', 'CC', '1000578623', 'Aprendiz ', 23, 1),
('HYOVANI PEÑUELA LEYTER', 'CC', '1125878663', 'Aprendiz ', 23, 1),
('MILTON SNEYDER  LEAL MORENO', 'CC', '1121420313', 'Aprendiz ', 23, 1),
('WILFER ANTONIO PIÑEROS RAMOS', 'CC', '1123440246', 'Aprendiz ', 23, 1),
('YANY DIABLEYAGUILAR CAMPERO', 'CC', '1120564242', 'Aprendiz ', 23, 1),
('ANDRES STIVENALZATE REYES', 'CC', '1121937486', 'Aprendiz ', 23, 1),
('YERALDINATEHORTUA VARGAS', 'CC', '1006858649', 'Aprendiz ', 23, 1),
('DIANA CONSTANZABEDOYA YOSSA', 'CC', '41242867', 'Aprendiz ', 23, 1),
('D´ARSY VIVIANABOHORQUEZ BETANCOURT', 'TI', '1006873973', 'Aprendiz ', 23, 2),
('SANDRA CAROLINACAJIGAS CAICEDO', 'CC', '1086136383', 'Aprendiz ', 23, 1),
('JEIMY LISETHCAMACHO GARZON', 'TI', '1006701223', 'Aprendiz ', 23, 2),
('NAYIVECARDENAS UMAÑA', 'CC', '40439433', 'Aprendiz ', 23, 1),
('MILADY ANDREAESPINOSA SANTOS', 'CC', '1026283307', 'Aprendiz ', 23, 1),
('MARIA EUGENIAGAITAN ', 'CC', '40449259', 'Aprendiz ', 23, 1),
('JUAN ISIDROGAITAN CASTAÑEDA', 'CC', '1120562265', 'Aprendiz ', 23, 1),
('YENY PAOLAGUERRERO NIÑO', 'CC', '1120568924', 'Aprendiz ', 23, 1),
('MARIA TERESAGUTIERREZ BELISARIO', 'CC', '1122653613', 'Aprendiz ', 23, 1),
('MAIRA JHULIANAMENA QUINTERO', 'CC', '1087554232', 'Aprendiz ', 23, 1),
('CARMEN CECILIAMUÑOZ LOPEZ', 'CC', '1125470142', 'Aprendiz ', 23, 1),
('NINI YURELYNARVAEZ GOMEZ', 'CC', '52927729', 'Aprendiz ', 23, 1),
('CARLOS ARTURORINCON PASCUA', 'CC', '1120565655', 'Aprendiz ', 23, 1),
('MARIA YULIRIVEROS PALACIOS', 'CC', '52905437', 'Aprendiz ', 23, 1),
('SANDRA YAZMINSABOGAL SAEZ', 'CC', '35262880', 'Aprendiz ', 23, 1),
('ROBIN URIELSILGADO GUZMAN', 'CC', '1133809185', 'Aprendiz ', 23, 1),
('LUIS FERNANDOTOBO SALGADO', 'CC', '1006700559', 'Aprendiz ', 23, 1),
('DELBY AGRIPINAURREA AGUILERA', 'CC', '20750326', 'Aprendiz ', 23, 1);

-- --------------------------------------------------------

--
-- Estructura de tabla para la tabla `tb_encuestas`
--

CREATE TABLE `tb_encuestas` (
  `id_encuesta` int(11) NOT NULL,
  `titulo_encuesta` varchar(100) NOT NULL,
  `descripcion_larga` varchar(500) DEFAULT NULL,
  `sn_publicar` tinyint(1) DEFAULT NULL,
  `fecha_registro` datetime NOT NULL
) ENGINE=InnoDB DEFAULT CHARSET=latin1;

--
-- Volcado de datos para la tabla `tb_encuestas`
--

INSERT INTO `tb_encuestas` (`id_encuesta`, `titulo_encuesta`, `descripcion_larga`, `sn_publicar`, `fecha_registro`) VALUES
(1, 'Encuesta SER 2016', NULL, 0, '2015-11-04 00:00:00'),
(2, 'Expoguaviare 2022', 'Caracterizacion de los asistentes', 1, '2022-09-09 00:00:00');

-- --------------------------------------------------------

--
-- Estructura de tabla para la tabla `tb_genero`
--

CREATE TABLE `tb_genero` (
  `cod_genero` int(11) NOT NULL,
  `genero` varchar(10) NOT NULL
) ENGINE=InnoDB DEFAULT CHARSET=latin1;

--
-- Volcado de datos para la tabla `tb_genero`
--

INSERT INTO `tb_genero` (`cod_genero`, `genero`) VALUES
(14, 'Masculino'),
(15, 'Femenino');

-- --------------------------------------------------------


--
-- Estructura de tabla para la tabla `tb_personas`
--

CREATE TABLE `tb_personas` (
  `num_doc` varchar(15) NOT NULL,
  `nombres` varchar(40) NOT NULL,
  `apellidos` varchar(40) NOT NULL,
  `fecha_nacimiento` date DEFAULT NULL,
  `telefono` varchar(15) DEFAULT NULL,
  `sn_mostrar` varchar(1) DEFAULT NULL,
  `sn_contar` varchar(2) DEFAULT NULL,
  `url_imagen` varchar(500) DEFAULT NULL,
  `fecha_registro` datetime NOT NULL,
  `cod_rol` int(11) NOT NULL,
  `cod_tipo_doc` int(11) NOT NULL,
  `cod_genero` int(11) NOT NULL,
  `cod_programa` int(11) DEFAULT NULL
) ENGINE=InnoDB DEFAULT CHARSET=latin1;

-- --------------------------------------------------------

--
-- Estructura de tabla para la tabla `tb_personas_registros`
--

CREATE TABLE `tb_personas_registros` (
  `cod_pers_reg` int(11) NOT NULL,
  `identif_1` varchar(15) NOT NULL,
  `identif_2` varchar(15) NOT NULL,
  `fec_reg` datetime NOT NULL
) ENGINE=InnoDB DEFAULT CHARSET=latin1;

-- --------------------------------------------------------

--
-- Estructura de tabla para la tabla `tb_personas_respuestas`
--

CREATE TABLE `tb_personas_respuestas` (
  `id_persona_respuesta` bigint(20) UNSIGNED NOT NULL,
  `num_doc` varchar(15) NOT NULL,
  `id_posible_respuesta` int(11) NOT NULL,
  `fecha_registro` datetime NOT NULL
) ENGINE=InnoDB DEFAULT CHARSET=latin1;

-- --------------------------------------------------------

--
-- Estructura de tabla para la tabla `tb_posibles_respuestas`
--

CREATE TABLE `tb_posibles_respuestas` (
  `id_posible_respuesta` int(11) NOT NULL,
  `texto_respuesta` varchar(100) NOT NULL,
  `fecha_registro` datetime NOT NULL,
  `id_pregunta` int(11) NOT NULL
) ENGINE=InnoDB DEFAULT CHARSET=latin1;

--
-- Volcado de datos para la tabla `tb_posibles_respuestas`
--

INSERT INTO `tb_posibles_respuestas` (`id_posible_respuesta`, `texto_respuesta`, `fecha_registro`, `id_pregunta`) VALUES
(1, 'Adolescente trabajador', '2022-09-07 00:00:00', 1),
(2, 'Adolescente en conflicto con la ley penal', '2022-09-07 00:00:00', 1),
(3, 'Adolescente y jovenes vulnerables', '2022-09-07 00:00:00', 1),
(4, 'Afrocolombianos', '2022-09-07 00:00:00', 1),
(5, 'Desplazados por fenomenos naturales', '2022-09-07 00:00:00', 1),
(6, 'Migrantes que retornan al pais', '2022-09-07 00:00:00', 1),
(7, 'Mujer cabeza de hogar', '2022-09-07 00:00:00', 1),
(8, 'Negritudes', '2022-09-07 00:00:00', 1),
(9, 'Palenqueros', '2022-09-07 00:00:00', 1),
(10, 'Reintegrados (ARN)', '2022-09-07 00:00:00', 1),
(11, 'Poblacion LGBTI', '2022-09-07 00:00:00', 1),
(12, 'Poblacion indigena', '2022-09-07 00:00:00', 1),
(13, 'Victima de la violencia', '2022-09-07 00:00:00', 1),
(14, 'Remitidos por programa de adaptacion laboral - PAL', '2022-09-07 00:00:00', 1),
(15, 'Victima de otros hechos victimizantes', '2022-09-07 00:00:00', 1),
(16, 'Ninguno', '2022-09-07 00:00:00', 1),
(17, 'Auditiva', '2022-09-07 00:00:00', 2),
(18, 'Cognitiva', '2022-09-07 00:00:00', 2),
(19, 'Fisica', '2022-09-07 00:00:00', 2),
(20, 'Multiple', '2022-09-07 00:00:00', 2),
(21, 'Psicosocial', '2022-09-07 00:00:00', 2),
(22, 'Sordo ceguera', '2022-09-07 00:00:00', 2),
(23, 'Ninguna', '2022-09-07 00:00:00', 2),
(24, 'Aprendiz', '2022-09-08 00:00:00', 3),
(25, 'Egresado de otras instituciones de educacion', '2022-09-08 00:00:00', 3),
(26, 'Egresado SENA complementaria', '2022-09-08 00:00:00', 3),
(27, 'Egresado SENA titulada', '2022-09-08 00:00:00', 3),
(28, 'Otro', '2022-09-08 00:00:00', 3);

-- --------------------------------------------------------

--
-- Estructura de tabla para la tabla `tb_preguntas`
--

CREATE TABLE `tb_preguntas` (
  `id_pregunta` int(11) NOT NULL,
  `texto_pregunta` varchar(200) NOT NULL,
  `fecha_registro` datetime NOT NULL,
  `id_encuesta` int(11) DEFAULT NULL
) ENGINE=InnoDB DEFAULT CHARSET=latin1;

--
-- Volcado de datos para la tabla `tb_preguntas`
--

INSERT INTO `tb_preguntas` (`id_pregunta`, `texto_pregunta`, `fecha_registro`, `id_encuesta`) VALUES
(1, 'Clasificacion de la poblacion', '2022-09-07 00:00:00', 2),
(2, 'Tiene discapacidad', '2022-09-07 00:00:00', 2),
(3, 'Tipo de emprendedor (asistente)', '2022-09-08 00:00:00', 2);

-- --------------------------------------------------------
--
-- Estructura de tabla para la tabla `tb_programas`
--

CREATE TABLE `tb_programas` (
  `cod_programa` int(11) NOT NULL,
  `programa` varchar(100) NOT NULL
) ENGINE=InnoDB DEFAULT CHARSET=latin1;

-- --------------------------------------------------------

--
-- Estructura de tabla para la tabla `tb_roles`
--

CREATE TABLE `tb_roles` (
  `cod_rol` int(11) NOT NULL,
  `desc_rol` varchar(200) NOT NULL
) ENGINE=InnoDB DEFAULT CHARSET=latin1;

--
-- Volcado de datos para la tabla `tb_roles`
--

INSERT INTO `tb_roles` (`cod_rol`, `desc_rol`) VALUES
(1, 'Bachiller'),
(2, 'Tecnico / Tecnologo'),
(3, 'Profesional'),
(4, 'Profesional con Postgrado'),
(5, 'Sin titulo');

-- --------------------------------------------------------
create table tb_ocupacion(
id_ocupacion int not null,
ocupacion varchar(50) not null,
primary key (id_ocupacion)
);

insert into tb_ocupacion (id_ocupacion, ocupacion) values 
(1, 'trabajador'),
(2, 'estudiante'),
(3, 'desempleado'),
(4, 'trabajador independiente'),
(5, 'emprendedor'),
(6, 'otra ocupacion');

select * from tb_ocupacion;


--
-- Estructura de tabla para la tabla `tb_tipo_doc`
--

CREATE TABLE `tb_tipo_doc` (
  `cod_tipo_doc` int(11) NOT NULL,
  `desc_tipo_doc` varchar(30) NOT NULL
) ENGINE=InnoDB DEFAULT CHARSET=latin1;

--
-- Volcado de datos para la tabla `tb_tipo_doc`
--

INSERT INTO `tb_tipo_doc` (`cod_tipo_doc`, `desc_tipo_doc`) VALUES
(1, 'CC'),
(2, 'TI'),
(3, 'Otro');

--
-- Índices para tablas volcadas
--

--
-- Indices de la tabla `tb_encuestas`
--
ALTER TABLE `tb_encuestas`
  ADD PRIMARY KEY (`id_encuesta`);

--
-- Indices de la tabla `tb_genero`
--
ALTER TABLE `tb_genero`
  ADD PRIMARY KEY (`cod_genero`),
  ADD KEY `idx_cod_genero` (`cod_genero`);

--
-- Indices de la tabla `tb_personas`
--
ALTER TABLE `tb_personas`
  ADD PRIMARY KEY (`num_doc`),
  ADD KEY `COD_TIPO_DOC` (`cod_tipo_doc`),
  ADD KEY `ROL` (`cod_rol`),
  ADD KEY `cod_genero` (`cod_genero`);

--
-- Indices de la tabla `tb_personas_registros`
--
ALTER TABLE `tb_personas_registros`
  ADD PRIMARY KEY (`cod_pers_reg`),
  ADD KEY `idx_registrador` (`identif_1`),
  ADD KEY `idx_registrado_` (`identif_2`);

--
-- Indices de la tabla `tb_personas_respuestas`
--
ALTER TABLE `tb_personas_respuestas`
  ADD PRIMARY KEY (`id_persona_respuesta`),
  ADD KEY `idx_posible_respuesta` (`id_posible_respuesta`),
  ADD KEY `idx_num_doc` (`num_doc`);

--
-- Indices de la tabla `tb_posibles_respuestas`
--
ALTER TABLE `tb_posibles_respuestas`
  ADD PRIMARY KEY (`id_posible_respuesta`),
  ADD KEY `idx_pregunta` (`id_pregunta`);

--
-- Indices de la tabla `tb_preguntas`
--
ALTER TABLE `tb_preguntas`
  ADD PRIMARY KEY (`id_pregunta`),
  ADD KEY `idx_encuesta` (`id_encuesta`);

--
-- Indices de la tabla `tb_programas`
--
ALTER TABLE `tb_programas`
  ADD PRIMARY KEY (`cod_programa`);

--
-- Indices de la tabla `tb_roles`
--
ALTER TABLE `tb_roles`
  ADD PRIMARY KEY (`cod_rol`);

--
-- Indices de la tabla `tb_tipo_doc`
--
ALTER TABLE `tb_tipo_doc`
  ADD PRIMARY KEY (`cod_tipo_doc`),
  ADD KEY `idx_cod_tipo_doc` (`cod_tipo_doc`);

--
-- AUTO_INCREMENT de las tablas volcadas
--

--
-- AUTO_INCREMENT de la tabla `tb_encuestas`
--
ALTER TABLE `tb_encuestas`
  MODIFY `id_encuesta` int(11) NOT NULL AUTO_INCREMENT, AUTO_INCREMENT=3;

--
-- AUTO_INCREMENT de la tabla `tb_genero`
--
ALTER TABLE `tb_genero`
  MODIFY `cod_genero` int(11) NOT NULL AUTO_INCREMENT, AUTO_INCREMENT=16;

--
-- AUTO_INCREMENT de la tabla `tb_personas_registros`
--
ALTER TABLE `tb_personas_registros`
  MODIFY `cod_pers_reg` int(11) NOT NULL AUTO_INCREMENT, AUTO_INCREMENT=4062;

--
-- AUTO_INCREMENT de la tabla `tb_personas_respuestas`
--
ALTER TABLE `tb_personas_respuestas`
  MODIFY `id_persona_respuesta` bigint(20) UNSIGNED NOT NULL AUTO_INCREMENT, AUTO_INCREMENT=112;

--
-- AUTO_INCREMENT de la tabla `tb_posibles_respuestas`
--
ALTER TABLE `tb_posibles_respuestas`
  MODIFY `id_posible_respuesta` int(11) NOT NULL AUTO_INCREMENT, AUTO_INCREMENT=76;

--
-- AUTO_INCREMENT de la tabla `tb_preguntas`
--
ALTER TABLE `tb_preguntas`
  MODIFY `id_pregunta` int(11) NOT NULL AUTO_INCREMENT, AUTO_INCREMENT=18;

--
-- AUTO_INCREMENT de la tabla `tb_programas`
--
ALTER TABLE `tb_programas`
  MODIFY `cod_programa` int(11) NOT NULL AUTO_INCREMENT;

--
-- AUTO_INCREMENT de la tabla `tb_roles`
--
ALTER TABLE `tb_roles`
  MODIFY `cod_rol` int(11) NOT NULL AUTO_INCREMENT, AUTO_INCREMENT=129;

--
-- AUTO_INCREMENT de la tabla `tb_tipo_doc`
--
ALTER TABLE `tb_tipo_doc`
  MODIFY `cod_tipo_doc` int(11) NOT NULL AUTO_INCREMENT, AUTO_INCREMENT=4;

--
-- Restricciones para tablas volcadas
--

--
-- Filtros para la tabla `tb_personas`
--
ALTER TABLE `tb_personas`
  ADD CONSTRAINT `tb_personas_ibfk_1` FOREIGN KEY (`cod_tipo_doc`) REFERENCES `tb_tipo_doc` (`cod_tipo_doc`) ON DELETE CASCADE ON UPDATE CASCADE,
  ADD CONSTRAINT `tb_personas_ibfk_2` FOREIGN KEY (`cod_rol`) REFERENCES `tb_roles` (`cod_rol`) ON DELETE CASCADE ON UPDATE CASCADE,
  ADD CONSTRAINT `tb_personas_ibfk_3` FOREIGN KEY (`cod_genero`) REFERENCES `tb_genero` (`cod_genero`) ON DELETE CASCADE ON UPDATE CASCADE;

--
-- Filtros para la tabla `tb_personas_registros`
--
ALTER TABLE `tb_personas_registros`
  ADD CONSTRAINT `fk_registrado_` FOREIGN KEY (`identif_2`) REFERENCES `tb_personas` (`num_doc`) ON DELETE CASCADE ON UPDATE CASCADE,
  ADD CONSTRAINT `fk_registrador` FOREIGN KEY (`identif_1`) REFERENCES `tb_personas` (`num_doc`) ON DELETE CASCADE ON UPDATE CASCADE;

--
-- Filtros para la tabla `tb_personas_respuestas`
--
ALTER TABLE `tb_personas_respuestas`
  ADD CONSTRAINT `fk_num_doc` FOREIGN KEY (`num_doc`) REFERENCES `tb_personas` (`num_doc`) ON DELETE CASCADE ON UPDATE CASCADE,
  ADD CONSTRAINT `fk_posible_respuesta` FOREIGN KEY (`id_posible_respuesta`) REFERENCES `tb_posibles_respuestas` (`id_posible_respuesta`) ON DELETE CASCADE ON UPDATE CASCADE;

--
-- Filtros para la tabla `tb_posibles_respuestas`
--
ALTER TABLE `tb_posibles_respuestas`
  ADD CONSTRAINT `fk_pregunta` FOREIGN KEY (`id_pregunta`) REFERENCES `tb_preguntas` (`id_pregunta`) ON DELETE CASCADE ON UPDATE CASCADE;

--
-- Filtros para la tabla `tb_preguntas`
--
ALTER TABLE `tb_preguntas`
  ADD CONSTRAINT `fk_encuesta` FOREIGN KEY (`id_encuesta`) REFERENCES `tb_encuestas` (`id_encuesta`) ON DELETE CASCADE ON UPDATE CASCADE;
COMMIT;

/*!40101 SET CHARACTER_SET_CLIENT=@OLD_CHARACTER_SET_CLIENT */;
/*!40101 SET CHARACTER_SET_RESULTS=@OLD_CHARACTER_SET_RESULTS */;
/*!40101 SET COLLATION_CONNECTION=@OLD_COLLATION_CONNECTION */;
